url,Full Name Show,Username Dir,Tweet Nav,Tweet Nav_link,Tweet Text Size Block,English Translation,Tweet Text Size Link,Tweet Text Size Link_link,Profile Tweet 1,Profile Tweet 2,Profile Tweet 3,Reply,Re Tweet,Like
https://twitter.com/AbeShinzo,安倍晋三,AbeShinzo,Oct 21,https://twitter.com/AbeShinzo/status/921745765067669505,選挙期間中、自民党の候補者たちは全国各地で我々の経済政策を、安全保障を、そして日本の将来を担っていく決意と地域を支える想いを皆様に訴えかけさせていただきました。「この国を、守り抜く。」自民党はこれからも皆様とともに歩みを進めて参ります。本当に１２日間ご声援ありがとうございました。https://twitter.com/jimin_koho/status/921744056987693057 …,"During the election period, candidates who of the Liberal Democratic Party is our economic policies throughout the country, the security, and the was I would like to appeal to everybody thought to support the future of the plays are going determination and regions of Japan. ""This country, defend."" The Liberal Democratic Party will continue to be promoted to walk with everyone from now on. Thank you for your support really 12 days. https://twitter.com/jimin_koho/status/921744056987693057 ...",https://twitter.com/jimin_koho/status/921744056987693057 …,https://t.co/HVjFn3QJp5,"1,133 replies","5,752 retweets","14,514 likes",1.1K,5.8K,15K
https://twitter.com/AbeShinzo,安倍晋三,AbeShinzo,Oct 20,https://twitter.com/AbeShinzo/status/921350545230544896,外国人旅行者数はこの５年間で３倍になりました。自民党は高次元での観光資源施策に取り組み我が国の伝統文化財等の国内観光資源の強化を図り、さらに観光産業の活性化を実現して参ります。pic.twitter.com/EMNDcADrYB,"Foreign visitors number has tripled over the past five years. Liberal Democratic Party is to strengthen the domestic tourism resources of traditional cultural assets of the efforts our country in tourism resources measures at a high level, we will continue to further implement the activation of the tourism industry. pic.twitter.com/EMNDcADrYB",pic.twitter.com/EMNDcADrYB,https://t.co/EMNDcADrYB,606 replies,"3,712 retweets","8,946 likes",606,3.7K,8.9K
https://twitter.com/AbeShinzo,安倍晋三,AbeShinzo,Oct 20,https://twitter.com/AbeShinzo/status/921322049573765120,明日１０月２１日(土) 安倍晋三総裁は岐阜県、愛知県、東京都に参ります。 詳細は是非、自民党の特設サイトでご確認下さい。https://special.jimin.jp/,"Tomorrow, October 21 (Saturday) Susumusan Abe President Gifu Prefecture, Aichi Prefecture, will come to Tokyo. Come more information, please visit the special website of the Liberal Democratic Party. https://special.jimin.jp/",https://special.jimin.jp/,https://t.co/vKXI8z5Mjr,358 replies,"2,213 retweets","4,922 likes",358,2.2K,4.9K
https://twitter.com/AbeShinzo,安倍晋三,AbeShinzo,Oct 19,https://twitter.com/AbeShinzo/status/920998741259165696,我々がスタートした返さなくても良い「給付型奨学金」や「授業料免除」といった制度を拡充し、真に支援が必要な子供たちに高等教育の無償化を図って参ります。 自民党は誰もが学ぶ事を諦めなくて済む、そして安心して学んでいける社会を必ず創り上げます。pic.twitter.com/ZgAYDhlzDD,"It has expanded the system, such as it is not necessary returned to start ""benefit scholarship"" and ""tuition fee exemption"", we will truly working to free higher education to the children that need help. Liberal Democratic Party need not give up that everyone learn, and raised always create a society in which Ikeru learn with confidence. pic.twitter.com/ZgAYDhlzDD",pic.twitter.com/ZgAYDhlzDD,https://t.co/ZgAYDhlzDD,456 replies,"3,081 retweets","6,576 likes",456,3.1K,6.6K
https://twitter.com/AbeShinzo,安倍晋三,AbeShinzo,Oct 19,https://twitter.com/AbeShinzo/status/920991367534280704,明日１０月２０日(金) 安倍晋三総裁は神奈川県、東京都に参ります。 詳細は是非、自民党の特設サイトでご確認下さい。https://special.jimin.jp/,"Tomorrow, October 20 (Friday) Susumusan Abe President Kanagawa Prefecture, we will come to Tokyo. Come more information, please visit the special website of the Liberal Democratic Party. https://special.jimin.jp/",https://special.jimin.jp/,https://t.co/vKXI8z5Mjr,271 replies,"2,291 retweets","5,610 likes",271,2.3K,5.6K
https://twitter.com/AbeShinzo,安倍晋三,AbeShinzo,Oct 18,https://twitter.com/AbeShinzo/status/920644409531568128,明日１０月１９日(木) 安倍晋三総裁は奈良県、京都府、滋賀県に参ります。 詳細は是非、自民党の特設サイトでご確認下さい。https://special.jimin.jp/,"Tomorrow, October 19 (Thursday) Susumusan Abe President Nara Prefecture, Kyoto Prefecture, will be with you in Shiga Prefecture. Come more information, please visit the special website of the Liberal Democratic Party. https://special.jimin.jp/",https://special.jimin.jp/,https://t.co/vKXI8z5Mjr,301 replies,"2,008 retweets","4,941 likes",301,2.0K,4.9K
https://twitter.com/AbeShinzo,安倍晋三,AbeShinzo,Oct 18,https://twitter.com/AbeShinzo/status/920624000211943424,この３年間４０代以下で新しく農業を始めた就農者は３年連続で２万人を超えました。 自民党は若者や意欲のある農林漁業者を全力で応援し挑戦を支え、夢や希望を持てる「農政新時代」を切り拓きます。pic.twitter.com/Fp0IqNYTSk,"Farmer who began a new agriculture in the following three years in their 40s has more than 2 million people for three consecutive years. The Liberal Democratic Party support the support to challenge the Agriculture, Forestry and Fisheries who are young and motivated in everything, opening up by using our dreams and hope ""agricultural policy a new era"". pic.twitter.com/Fp0IqNYTSk",pic.twitter.com/Fp0IqNYTSk,https://t.co/Fp0IqNYTSk,370 replies,"5,447 retweets","11,673 likes",370,5.4K,12K
https://twitter.com/AbeShinzo,安倍晋三,AbeShinzo,Oct 17,https://twitter.com/AbeShinzo/status/920292054663434245,私たち自民党は日本の経済を支えている中小企業を力強く応援したい。その思いから中小・小規模事業者の固定資産税を、３年間半減する制度を始め既に３万件近い利用がありました。この制度の実現により中小企業の倒産は3割も減少しました。更に生産性を高めるための支援を大胆に進めます。pic.twitter.com/N9oB57kACi,"We LDP would like to strongly support the small and medium-sized companies that are supporting the Japanese economy. The property tax of small and medium-sized and small businesses from the thought, there was already available 30,000 close, including a system to half three years. Bankruptcy of small and medium-sized companies by the implementation of this system has also been reduced by 30%. We boldly promoted the support of to further enhance the productivity. pic.twitter.com/N9oB57kACi",pic.twitter.com/N9oB57kACi,https://t.co/N9oB57kACi,529 replies,"5,336 retweets","11,611 likes",529,5.3K,12K
https://twitter.com/AbeShinzo,安倍晋三,AbeShinzo,Oct 17,https://twitter.com/AbeShinzo/status/920263472146870272,明日１０月１８日(水) 安倍晋三総裁は埼玉県、東京都に参ります。 詳細は是非、自民党の特設サイトでご確認下さい。https://special.jimin.jp/,"Tomorrow, October 18 (Wednesday) Susumusan Abe President Saitama Prefecture, will come to Tokyo. Come more information, please visit the special website of the Liberal Democratic Party. https://special.jimin.jp/",https://special.jimin.jp/,https://t.co/vKXI8z5Mjr,266 replies,"1,908 retweets","4,933 likes",266,1.9K,4.9K
https://twitter.com/AbeShinzo,安倍晋三,AbeShinzo,Oct 16,https://twitter.com/AbeShinzo/status/919859773826199552,この選挙は北朝鮮の脅威から、いかにして国民の生命と幸せな暮らしを守るのかを決める選挙でもあります。自民党は今まで培ってきた外交力、国際社会との連携とぶれない姿勢で毅然と北朝鮮問題に立ち向かって参ります。pic.twitter.com/LWJdvsIGWp,"This election is from the threat of North Korea, is also a how to decide whether to protect a happy life and people's lives in the election. LDP diplomatic force that has been developed up to now, we will confront the resolute North Korean problem in a posture that does not shake and cooperation with the international community. pic.twitter.com/LWJdvsIGWp",pic.twitter.com/LWJdvsIGWp,https://t.co/LWJdvsIGWp,840 replies,"7,214 retweets","14,973 likes",840,7.2K,15K
https://twitter.com/AbeShinzo,安倍晋三,AbeShinzo,Oct 15,https://twitter.com/AbeShinzo/status/919543081409449984,明日１０月１6日(月) 安倍晋三総裁は大阪府に参ります。 詳細は是非、自民党の特設サイトでご確認下さい。https://special.jimin.jp/,"Tomorrow, October 16 (Monday) Susumusan Abe President will come to Osaka. Come more information, please visit the special website of the Liberal Democratic Party. https://special.jimin.jp/",https://special.jimin.jp/,https://t.co/vKXI8z5Mjr,345 replies,"2,119 retweets","5,178 likes",345,2.1K,5.2K
https://twitter.com/AbeShinzo,安倍晋三,AbeShinzo,Oct 15,https://twitter.com/AbeShinzo/status/919530944372940800,アベノミクス３本の矢をはじめ我々が推し進めてきた政策によって政権交替後 GDPは５０兆円増え、全都道府県で有効求人倍率は１倍超えるなど景気の回復は着実に進んでおります。 さらに日本の経済を成長させ、皆様一人ひとりにこの成長を実感していただけるよう努力していく所存です。pic.twitter.com/GJXi1sKneK,"GDP after the government replaced by a policy that we have pursued, including the three arrows abenomics has increased 50 trillion yen, the effective ratio of job offers to job seekers in all prefectures is progressing steadily recovery of the economy, such as more than one-fold. Further growth of the Japanese economy, is willing to strive to you are able to realize this growth to everyone each individual. pic.twitter.com/GJXi1sKneK",pic.twitter.com/GJXi1sKneK,https://t.co/GJXi1sKneK,624 replies,"7,425 retweets","15,368 likes",624,7.4K,15K
https://twitter.com/AbeShinzo,安倍晋三,AbeShinzo,Oct 14,https://twitter.com/AbeShinzo/status/919153683463413760,明日１０月１５日(日) 安倍晋三総裁は北海道に参ります。 詳細は是非、自民党の特設サイトでご確認下さい。 https://special.jimin.jp/ #自民党 #安倍晋三 #街頭演説,"Tomorrow, October 15 (Sunday) Susumusan Abe President will come to Hokkaido. Come more information, please visit the special website of the Liberal Democratic Party. https://special.jimin.jp/ # Liberal Democratic Party # Shinzo Abe # soapbox",,,341 replies,"2,131 retweets","5,100 likes",341,2.1K,5.1K
https://twitter.com/AbeShinzo,安倍晋三,AbeShinzo,Oct 14,https://twitter.com/AbeShinzo/status/919126975544836096,熊本地震から一年半、被害に遭われまだまだ不自由な生活を余儀なくされている多くの被災者の皆様が早く安心して元の生活に戻れるよう全力で復興を成し遂げて参ります。 #この国を守り抜く #衆院選 #自民党pic.twitter.com/HSCeZwlQWl,"A year and a half from Kumamoto earthquake, we will accomplish the reconstruction at best to return to the original life with peace of mind quickly everyone of a number of victims have been forced to still crippled life is become a victim. # Defend this country # # House of Representatives election the Liberal Democratic Party pic.twitter.com/HSCeZwlQWl",pic.twitter.com/HSCeZwlQWl,https://t.co/HSCeZwlQWl,387 replies,"5,818 retweets","12,641 likes",387,5.8K,13K
https://twitter.com/AbeShinzo,安倍晋三,AbeShinzo,Oct 13,https://twitter.com/AbeShinzo/status/918822069592141825,明日１０月１４日(土) 安倍晋三総裁は香川県、兵庫県に参ります。 詳細は是非、自民党の特設サイトでご確認下さい。 https://special.jimin.jp/ #自民党 #安倍晋三 #街頭演説,"Tomorrow, October 14 (Saturday) Susumusan Abe President Kagawa Prefecture, will be with you in Hyogo Prefecture. Come more information, please visit the special website of the Liberal Democratic Party. https://special.jimin.jp/ # Liberal Democratic Party # Shinzo Abe # soapbox",,,324 replies,"1,975 retweets","4,803 likes",324,2.0K,4.8K
https://twitter.com/AbeShinzo,安倍晋三,AbeShinzo,Oct 13,https://twitter.com/AbeShinzo/status/918774197534339072,日本、そして世界の安全を脅かす北朝鮮の暴挙を止めるため、国際社会全体で最大限の圧力をかけなければならない。そして何より、日本人の拉致問題を決して埋没させてはならない。横田めぐみさんをはじめ、全ての拉致被害者の方々が日本の地を踏みしめるまで、私たちの闘いは終わりません。 #自民党pic.twitter.com/iSFwmiD5yl,"Japan, and to stop the safety threatening North Korea of ​​the outrage of the world, it must be multiplied by the maximum pressure in the international community as a whole. And above all, must never to obscure the Japanese abduction issue. Including Megumi Yokota, the people of all of the abductees to firmly step the land of Japan, it does not end our struggle. # LDP pic.twitter.com/iSFwmiD5yl",pic.twitter.com/iSFwmiD5yl,https://t.co/iSFwmiD5yl,653 replies,"7,513 retweets","15,364 likes",653,7.5K,15K
https://twitter.com/AbeShinzo,安倍晋三,AbeShinzo,Oct 12,https://twitter.com/AbeShinzo/status/918448154474770432,明日１０月１３日(金) 安倍晋三総裁は鹿児島県、熊本県、長崎県に参ります。 詳細は是非、自民党の特設サイトでご確認下さい。 https://special.jimin.jp/ #自民党 #安倍晋三 #街頭演説,"Tomorrow, October 13 (Friday) Susumusan Abe President Kagoshima Prefecture, Kumamoto Prefecture, will be with you in Nagasaki Prefecture. Come more information, please visit the special website of the Liberal Democratic Party. https://special.jimin.jp/ # Liberal Democratic Party # Shinzo Abe # soapbox",,,358 replies,"2,175 retweets","5,168 likes",358,2.2K,5.2K
https://twitter.com/AbeShinzo,安倍晋三,AbeShinzo,Oct 12,https://twitter.com/AbeShinzo/status/918395355716136960,今回の選挙「誰が子ども達の未来を切り拓いていくのか。」ということも問われている大きなテーマです。 少子化によって転換期を迎えている日本。私達自民党は全ての子ども達の可能性を、しっかりとした全世代型の社会保障制度によって支えて参ります。pic.twitter.com/JJrYNlvXfl,"This election is a major theme, which is also asked that the ""Who is going to open up the children of the future."". Japan, which reached a turning point by the declining birth rate. We LDP is the possibility of all of the children, we are supported by all generations type social security system, which was firm. pic.twitter.com/JJrYNlvXfl",pic.twitter.com/JJrYNlvXfl,https://t.co/JJrYNlvXfl,619 replies,"5,317 retweets","12,280 likes",619,5.3K,12K
https://twitter.com/AbeShinzo,安倍晋三,AbeShinzo,Oct 11,https://twitter.com/AbeShinzo/status/918108006075609088,「自民党頑張れ！」と大勢の皆様にお集まりいただき本当にありがとうございます。我が党の候補者達は国難を突破すべく、そして皆様のご期待にそえるよう最後まで全力で皆様へ政策を訴えさせていただきます。どうかご支援の程よろしくお願いいたします。 #この国を守り抜く #衆院選 #自民党pic.twitter.com/EBdCyKT6om,"Thank you really will gather you to a large number of everyone as ""LDP Good luck!"". Candidates our our party is in order to break through the national crisis, and I would like to appeal the policy to everyone at the end to best to live up to the expectations of everyone. Whether Thank you for your support. # Defend this country # # House of Representatives election the Liberal Democratic Party pic.twitter.com/EBdCyKT6om",pic.twitter.com/EBdCyKT6om,https://t.co/EBdCyKT6om,"1,069 replies","10,474 retweets","23,449 likes",1.1K,10K,23K
https://twitter.com/AbeShinzo,安倍晋三,AbeShinzo,Oct 11,https://twitter.com/AbeShinzo/status/918094721666318336,明日１０月１２日(木) 安倍晋三総裁は新潟県に参ります。 詳細は是非、自民党の特設サイトでご確認下さい。 https://special.jimin.jp/ #自民党 #安倍晋三 #街頭演説,"Tomorrow, October 12 (Thursday) Susumusan Abe President will come to Niigata Prefecture. Come more information, please visit the special website of the Liberal Democratic Party. https://special.jimin.jp/ # Liberal Democratic Party # Shinzo Abe # soapbox",,,283 replies,"2,428 retweets","5,867 likes",283,2.4K,5.9K
https://twitter.com/AbeShinzo,安倍晋三,AbeShinzo,Oct 10,https://twitter.com/AbeShinzo/status/917711860945739776,明日１０月１１日(水) 安倍晋三総裁は静岡県、愛知県に参ります。 詳細は是非、自民党の特設サイトでご確認下さい。 #自民党 #安倍晋三 #街頭演説https://special.jimin.jp,"Tomorrow, October 11 (Wednesday) Susumusan Abe President Shizuoka Prefecture, will be with you in Aichi Prefecture. Come more information, please visit the special website of the Liberal Democratic Party. # Liberal Democratic Party # Shinzo Abe # soapbox https://special.jimin.jp",https://special.jimin.jp,https://t.co/R0FiHqk5h9,483 replies,"2,475 retweets","5,945 likes",483,2.5K,5.9K
https://twitter.com/AbeShinzo,安倍晋三,AbeShinzo,Oct 10,https://twitter.com/AbeShinzo/status/917680616488943617,いよいよ本日より衆議院総選挙、選挙戦が始まります。 「この選挙は誰に日本の安全を託すのか誰に日本の未来を託すのか。それを決める選挙です。」我々自民党は全力で全国各地で政策を訴え、戦い抜く決意です。 #この国を守り抜く #衆院選 #自民党pic.twitter.com/w3JxANPbz0,"Finally today from the House of Representatives general election, election campaign starts. ""What commit anyone to Japan of the future or of committing this election is to anyone safety of Japan. It is an election to decide it."" We Liberal Democratic Party sued the policy all over the country with full force, is a battle pull out determination. # # # House of Representatives election the Liberal Democratic Party pic.twitter.com/w3JxANPbz0 to defend this country",pic.twitter.com/w3JxANPbz0,https://t.co/w3JxANPbz0,968 replies,"8,091 retweets","16,692 likes",968,8.1K,17K
https://twitter.com/AbeShinzo,安倍晋三,AbeShinzo,Oct 9,https://twitter.com/AbeShinzo/status/917368221845434368,明日１０月１０日(火) 安倍晋三総裁演説日程が以下の通り決定しました。 皆様ぜひご参加ください。 ●安倍 晋三 総裁 （福島県・岩手県・宮城県） 10:35 踊る小馬亭向かい広場（福島市佐原） 13:40 一関市役所前 15:45 仙台駅東口松栄不動産前 16:30 アエル前pic.twitter.com/qGha2Sytwb,"October 10 (Tuesday) is Susumusan Abe President speech dates were decided as follows tomorrow. Everyone, please join us. ● Susumusan Abe President (Fukushima Prefecture, Iwate Prefecture, Miyagi Prefecture) 10:35 dance Shoumatei facing Square (Fukushima Sahara) 13:40 Ichinoseki City Hall 15:45 Sendai Station East Shoei real estate before 16:30 AER before pic. twitter.com/qGha2Sytwb",pic.twitter.com/qGha2Sytwb,https://t.co/qGha2Sytwb,620 replies,"3,034 retweets","6,573 likes",620,3.0K,6.6K
https://twitter.com/AbeShinzo,安倍晋三,AbeShinzo,Oct 7,https://twitter.com/AbeShinzo/status/916841984647602177,【出演番組告知】 10月8日（日）21時から、AbemaTVの生放送番組『徹の部屋』に安倍晋三総裁がゲスト出演することが決定しました。 皆さまぜひご覧ください！ @番組詳細はこちらhttps://abe.ma/2fN8Yz2,"From [Cast program announcement] October 8 (Sun) 21:00, Susumusan Abe President to AbemaTV of live broadcast program ""Toru of room"" we have decided to guest appearances. See everyone by all means! @ Program Click here for details https://abe.ma/2fN8Yz2",https://abe.ma/2fN8Yz2,https://t.co/Qi9vNUOtkU,366 replies,"2,670 retweets","5,283 likes",366,2.7K,5.3K
https://twitter.com/AbeShinzo,安倍晋三,AbeShinzo,Oct 6,https://twitter.com/AbeShinzo/status/916493774448058369,……秘書です。番組告知です。 本日19:30〜ニコニコ生放送にて 「ネット党首討論」が開催されます。 ご参加、あたたかい応援コメントお待ちしております。 《ニコニコ生放送》 「ネット党首討論」 10/7(土)午後7:30〜http://sp.live2.nicovideo.jp/watch/lv307275744 …,"...... it is the secretary. This program announcement. Today 19: ""Net debate"" will be held at 30 Nico live broadcast. Join us, We look forward to a warm cheer comment. ""Smile live"" ""net debate"" 10/7 (Saturday) afternoon 7: 30~http: //sp.live2.nicovideo.jp/watch/lv307275744 ...",http://sp.live2.nicovideo.jp/watch/lv307275744 …,https://t.co/v1I4rvYJ6I,471 replies,"3,879 retweets","7,444 likes",471,3.9K,7.4K
https://twitter.com/AbeShinzo,安倍晋三,AbeShinzo,Oct 5,https://twitter.com/AbeShinzo/status/916151608869662720,2012年の総理大臣就任以来、世界42ヵ国を巡り、191回の首脳会談を行ってきました。 日本が国難に直面している今こそ、築きあげてきた世界各国との信頼関係と、外交力でこの国を力強く守ってまいります。pic.twitter.com/ocb08B1mTZ,"Prime Minister since the inaugural year 2012, Tour of the world's 42 countries, went a summit meeting of 191 times. Now it is that Japan is faced with a national crisis, and the relationship of trust with countries around the world that have been built up, we will defend vigorously this country diplomatic force. pic.twitter.com/ocb08B1mTZ",pic.twitter.com/ocb08B1mTZ,https://t.co/ocb08B1mTZ,"1,285 replies","13,447 retweets","26,367 likes",1.3K,13K,26K
https://twitter.com/AbeShinzo,安倍晋三,AbeShinzo,Oct 3,https://twitter.com/AbeShinzo/status/915180009970573317,本件のような無差別で大規模な銃撃事件は、いかなる理由があろうと許されません。断固、非難します。日本は、この困難な時を乗り越えようとする、米国及び米国国民に心からの連帯の意を表します。,"Large-scale shootings in indiscriminate, such as in this case are not allowed as it would be for any reason. Resolutely, and condemned. Japan is trying to climb over the time this is very difficult, to express our heartfelt solidarity to the United States and the United States national.",,,629 replies,"5,980 retweets","16,527 likes",629,6.0K,17K
https://twitter.com/AbeShinzo,安倍晋三,AbeShinzo,Oct 3,https://twitter.com/AbeShinzo/status/915179873454383104,この度、ラスベガスで発生した米国史上最悪とも言われる銃撃事件により、多数の無辜の市民が犠牲になったことに、大きな衝撃を受けるとともに、強い憤りを覚えます。犠牲になられた方々、また御家族の皆様に対して心からの哀悼の意を表します。そして、負傷された方々の１日も早い回復をお祈りします。,"This time, the shooting incident, also referred to as the United States worst that occurred in Las Vegas, to the fact that the citizens of a number of innocent were killed, along with the big shock, I remember the strong resentment. People were sacrificed, also represents the heartfelt condolences against everyone of your family. And, we wish you a speedy recovery than a day of people that have been injured.",,,213 replies,"5,739 retweets","14,807 likes",213,5.7K,15K
https://twitter.com/AbeShinzo,安倍晋三,AbeShinzo,Sep 30,https://twitter.com/AbeShinzo/status/914110200142979077,我が国の危機管理には一分の隙もない。改めて、そう確信しました。,"There is no chance of a minute in the crisis management in Japan. Again, I was so confident.",,,"1,168 replies","5,744 retweets","15,038 likes",1.2K,5.7K,15K
https://twitter.com/AbeShinzo,安倍晋三,AbeShinzo,Sep 30,https://twitter.com/AbeShinzo/status/914110075492372480,北朝鮮の脅威から国民の命と平和な暮らしを守り抜く。ただひたすら国民のため、厳しい勤務環境の下、絶え間ない緊張感に耐え、黙々と任務に当たる彼らは、日本の誇りです。 ひとたび出港すれば、一月以上も荒波の上。送り出して頂いているご家族の皆様にも心から感謝申し上げます。,"Defend the people's life and peaceful living from the North Korean threat. But earnestly for the people, under the harsh working environment, withstand the constant tension, hit the silence mission they are, it is the pride of Japan. If the departure once, on top of the rough seas for more than a month. Also to your family of everyone that I am sending you sincerely would like to thank.",,,599 replies,"12,140 retweets","26,772 likes",599,12K,27K
https://twitter.com/AbeShinzo,安倍晋三,AbeShinzo,Sep 30,https://twitter.com/AbeShinzo/status/914109941899706370,日本海で北朝鮮の弾道ミサイル警戒に当たり、今日、母港の舞鶴に戻ったばかりのイージス艦「みょうこう」を訪問し、自衛隊員の皆さんを激励しました。皆、実に頼もしく、最高指揮官として大変心強く思いました。pic.twitter.com/NctWbpP8Ip,"Hit North Korea's ballistic missile warning in the Sea of ​​Japan, today, Aegis just returned to Maizuru of the home port of the ""Myoko"" to visit, we have encouraged everyone of SDF personnel. Everyone, indeed Tanomoshiku, I felt very encouraged as commander-in-chief. pic.twitter.com/NctWbpP8Ip",pic.twitter.com/NctWbpP8Ip,https://t.co/NctWbpP8Ip,534 replies,"15,865 retweets","31,169 likes",534,16K,31K
https://twitter.com/AbeShinzo,安倍晋三,AbeShinzo,Sep 30,https://twitter.com/AbeShinzo/status/914104224903970816,いよいよ選挙戦が始まります。 「この国を、守り抜く。」 私たちは正々堂々、具体的な政策を全国で訴えていきます。pic.twitter.com/XxjMAEJN16,"Finally election campaign begins. ""This country, defend."" We are fair and square, we will appeal in the country a concrete policy. pic.twitter.com/XxjMAEJN16",pic.twitter.com/XxjMAEJN16,https://t.co/XxjMAEJN16,"2,169 replies","18,364 retweets","36,092 likes",2.2K,18K,36K
https://twitter.com/AbeShinzo,安倍晋三,AbeShinzo,Sep 13,https://twitter.com/AbeShinzo/status/907919416041414656,インドに到着しました。モディ首相には空港でお出迎え頂きました。pic.twitter.com/eokEYb9IoT,I arrived in India. Modi is the Prime Minister gave pick you up at the airport. pic.twitter.com/eokEYb9IoT,pic.twitter.com/eokEYb9IoT,https://t.co/eokEYb9IoT,"2,108 replies","6,646 retweets","21,419 likes",2.1K,6.6K,21K
https://twitter.com/AbeShinzo,安倍晋三,AbeShinzo,Feb 24,https://twitter.com/AbeShinzo/status/835037199636652032,心を無にする。 プレミアムフライデーに、座禅を組みました。 慌ただしい毎日ですが、久しぶりに静かなひと時を過ごし、すっきりと落ち着いた気持ちになりました。 この後、上野の博物館に行ってみようと思います。pic.twitter.com/kWB5vHluSF,"The mind to free. Premium Friday, was set to Zen meditation. It is busy every day, but after a long time to spend a quiet moment, now clean and calm feelings. After this, I think let's go to the Ueno Museum. pic.twitter.com/kWB5vHluSF",pic.twitter.com/kWB5vHluSF,https://t.co/kWB5vHluSF,"9,346 replies","19,085 retweets","36,726 likes",9.3K,19K,37K
https://twitter.com/AbeShinzo,安倍晋三,AbeShinzo,Feb 22,https://twitter.com/AbeShinzo/status/834338479999852544,菅元総理は前々回の参院選挙の直前に突然、私を告訴しました。私を貶めることを目的とした売名行為にほかならず、菅元総理の猛省を求めます。,"KanHajime Prime Minister suddenly just before the upper house election before last, was sued me. Nothing but the publicity stunt for the purpose of disparaging me, ask the Mosei of KanHajime Prime Minister.",,,"1,599 replies","6,716 retweets","10,513 likes",1.6K,6.7K,11K
https://twitter.com/AbeShinzo,安倍晋三,AbeShinzo,Feb 22,https://twitter.com/AbeShinzo/status/834338339515830276,元総理が現職の総理を告訴し、裁判で争うことになったことは残念でなりません。私は総理としての時間の一部を裁判のために割かざるを得ないことになりました。 国会議員同士、一度も抗議を受ける事はありませんでした。,"Former Prime Minister accused the Prime Minister of the incumbent, that was supposed to contend in court will not be sorry. I will be forced to devote to trial some of the time as Prime Minister. MPs each other, did not receive a protest even once.",,,293 replies,"4,918 retweets","7,412 likes",293,4.9K,7.4K
https://twitter.com/AbeShinzo,安倍晋三,AbeShinzo,Feb 22,https://twitter.com/AbeShinzo/status/834338196964073472,最高裁の上告棄却により、まさに「真実の勝利」に最終判断が下りました。,"The appeal dismissal of the Supreme Court, the final decision was down to just ""truth of victory"".",,,244 replies,"3,375 retweets","6,092 likes",244,3.4K,6.1K
https://twitter.com/AbeShinzo,安倍晋三,AbeShinzo,Feb 22,https://twitter.com/AbeShinzo/status/834338039782469635,この決定により当方の勝訴が確定しました。 昨年９月の高裁判決は菅総理の福島原発の海水注入に関連して「間違った判断と嘘」を伝えた私のメルマガ記事の主要な部分が真実であることを認めました。この判決を不服として菅元総理が最高裁に上告していました。,"Our favor have been finalized by this decision. High Court ruling of September last year was acknowledged that the major part of my e-mail magazine article that reported the ""wrong judgment and lies"" in connection with the seawater injection of the Fukushima nuclear power plant of Prime Minister Kan is true. Kan former Prime Minister this judgment as a complaint had been appealed to the Supreme Court.",,,168 replies,"4,005 retweets","5,772 likes",168,4.0K,5.8K
https://twitter.com/AbeShinzo,安倍晋三,AbeShinzo,Feb 22,https://twitter.com/AbeShinzo/status/834337698928136192,菅直人元総理から提訴された「菅総理の海水注入はでっち上げ」と題する私のメールマガジン記事に対する名誉棄損訴訟について、菅元総理は東京高裁の判決を不服として上告していましたが、最高裁は上告を棄却しました。pic.twitter.com/mRuW3CrgbH,"For defamation lawsuit against my mail magazine article entitled was filed from Naoto Kan, former Prime Minister, ""Prime Minister Kan of sea water injection is a hoax"", KanHajime Prime Minister but had appealed appealed the judgment of the Tokyo High Court, the Supreme Court It has dismissed the appeal. pic.twitter.com/mRuW3CrgbH",pic.twitter.com/mRuW3CrgbH,https://t.co/mRuW3CrgbH,327 replies,"7,513 retweets","8,730 likes",327,7.5K,8.7K
https://twitter.com/AbeShinzo,安倍晋三,AbeShinzo,Dec 31,https://twitter.com/AbeShinzo/status/815417421754298368,あけましておめでとうございます。 今年が皆様にとりまして、そして日本国にとりまして素晴らしい年になりますことを心から祈念いたしております。 私も今年一年全力を挙げて参ります。pic.twitter.com/ySQd3KFfXT,"Happy New Year! This year is Nitorimashite everyone, and we will sincerely pray that will Nitorimashite a great year, Japan. I also continue to include a one year full force this year. pic.twitter.com/ySQd3KFfXT",pic.twitter.com/ySQd3KFfXT,https://t.co/ySQd3KFfXT,"2,866 replies","6,082 retweets","18,264 likes",2.9K,6.1K,18K
https://twitter.com/AbeShinzo,安倍晋三,AbeShinzo,14 Dec 2016,https://twitter.com/AbeShinzo/status/809279289208160256,いよいよ故郷長門市にプーチン大統領をお迎えして、日露首脳会談を行います。プーチン大統領の大統領としての訪日は11年ぶりとなります。 大統領の到着が遅れる様なので、その時間を使って墓参し、晩年、平和条約締結に執念を燃やした父に報告しました。pic.twitter.com/4fohCiVnmC,"Finally to welcome the President Vladimir Putin to his hometown Nagato, do the Japan-Russia summit meeting. Visit to Japan as president of President Vladimir Putin will be the first time in 11 years. Because such as delayed arrival of the President, and grave using that time, his later years, he was reported to his father that burned the tenacity to peace treaty. pic.twitter.com/4fohCiVnmC",pic.twitter.com/4fohCiVnmC,https://t.co/4fohCiVnmC,"1,022 replies","4,988 retweets","10,935 likes",1.0K,5.0K,11K
https://twitter.com/AbeShinzo,安倍晋三,AbeShinzo,17 Nov 2016,https://twitter.com/AbeShinzo/status/799464566690168832,pic.twitter.com/rz3Yl67W8I,pic.twitter.com/rz3Yl67W8I,pic.twitter.com/rz3Yl67W8I,https://t.co/rz3Yl67W8I,"1,382 replies","2,632 retweets","4,971 likes",1.4K,2.6K,5.0K
https://twitter.com/AbeShinzo,安倍晋三,AbeShinzo,9 Jul 2016,https://twitter.com/AbeShinzo/status/751790351820525569,明日は投票日。全国で厳しい戦いが続いております。我々は身を引き締め最後まで戦い抜きます。日本の未来のために自民党候補者達への力強いご支援よろしくお願いいたします。https://youtu.be/aZldSio8GXI,Tomorrow is election day. It continues to be a tough fight in the country. Unplug fight until the last tightening themselves. Strong support of the future of the Liberal Democratic Party candidate who of Japan thank you. https://youtu.be/aZldSio8GXI,https://youtu.be/aZldSio8GXI,https://t.co/7U5fPEg44J,"2,600 replies","1,438 retweets","3,242 likes",2.6K,1.4K,3.2K
https://twitter.com/AbeShinzo,安倍晋三,AbeShinzo,25 Jun 2016,https://twitter.com/AbeShinzo/status/746929045472837632,安定した政治が今こそ求められています。 そのためには、皆さんの力がどうしても必要です。pic.twitter.com/HZk3DS9RIn,"Stable politics has what is required now. To do this, the power of everyone is absolutely necessary. pic.twitter.com/HZk3DS9RIn",pic.twitter.com/HZk3DS9RIn,https://t.co/HZk3DS9RIn,"2,436 replies","4,427 retweets","6,527 likes",2.4K,4.4K,6.5K
https://twitter.com/AbeShinzo,安倍晋三,AbeShinzo,25 Jun 2016,https://twitter.com/AbeShinzo/status/746895582610915328,安定した政治が今こそ求められています。 そのためには、皆さんの力がどうしても必要です。https://youtu.be/zFDmFYqMZqM,"Stable politics has what is required now. To do this, the power of everyone is absolutely necessary. https://youtu.be/zFDmFYqMZqM",https://youtu.be/zFDmFYqMZqM,https://t.co/pGk9oolGm4,361 replies,"1,344 retweets","2,417 likes",361,1.3K,2.4K
https://twitter.com/AbeShinzo,Donald Tusk,eucopresident,3 May 2016,https://twitter.com/eucopresident/status/727539457461735424,#G7 #伊勢志摩サミットを前に、#移民 や #難民、#テロ対策、#経済といった課題ついて全世界的な協力を強化すべく、@AbeShinzo と友好的かつ建設的な話し合いができた http://ow.ly/4nnvHK,"# Before the G7 # Ise-Shima Summit, # immigrants and # refugees, # counter-terrorism, in order to strengthen worldwide cooperation with issues such as # economy, http that could friendly and constructive discussions and @ AbeShinzo: //ow.ly/4nnvHK",,,88 replies,454 retweets,769 likes,88,454,769
https://twitter.com/AbeShinzo,Charles Michel,CharlesMichel,3 May 2016,https://twitter.com/CharlesMichel/status/727444147699875840,Happy to meet Shinzo Abe to celebrate 150 years of strong diplomatic ties between our two countries #begovpic.twitter.com/QSRASvNmMc,Happy to meet Shinzo Abe to celebrate 150 years of strong diplomatic ties between our two countries # begovpic.twitter.com / QSRASvNmMc,pic.twitter.com/QSRASvNmMc,https://t.co/QSRASvNmMc,103 replies,771 retweets,"1,580 likes",103,771,1.6K
https://twitter.com/AbeShinzo,安倍晋三,AbeShinzo,14 Apr 2016,https://twitter.com/AbeShinzo/status/720797842751655936,pic.twitter.com/odyqgYB0vA,pic.twitter.com/odyqgYB0vA,pic.twitter.com/odyqgYB0vA,https://t.co/odyqgYB0vA,"2,431 replies","3,519 retweets","3,375 likes",2.4K,3.5K,3.4K
https://twitter.com/AbeShinzo,安倍晋三,AbeShinzo,14 Apr 2016,https://twitter.com/AbeShinzo/status/720622152123179008,"Removing radiation contaminated water in all weather, 365/24 at Fukushima. I am deeply thankful for dedication and commitment of our peers.","Removing radiation contaminated water in all weather, 365/24 at Fukushima. I am deeply thankful for dedication and commitment of our peers.",,,132 replies,479 retweets,935 likes,132,479,935
https://twitter.com/AbeShinzo,安倍晋三,AbeShinzo,14 Apr 2016,https://twitter.com/AbeShinzo/status/720622143176749056,炎天下でも５キロを超える重い防護服は欠かせなかった。東京電力福島第一原発で高濃度汚染水を取り除く作業は、前人未踏の廃炉作業の最前線にありました。 皆様には、引き続き、安全第一で、次の作業に頑張っていただきたいと思います。pic.twitter.com/Liubup6IPs,"Heavy protective clothing for more than 5 kilometers under the scorching sun did not essential. Work to remove the highly contaminated water at Tokyo Electric Power Company Fukushima Daiichi nuclear power plant, there was at the forefront of untrodden of decommissioning work. To everyone, continue, with safety first, we would like to do my best to the next task. pic.twitter.com/Liubup6IPs",pic.twitter.com/Liubup6IPs,https://t.co/Liubup6IPs,367 replies,"1,593 retweets","2,548 likes",367,1.6K,2.5K
https://twitter.com/AbeShinzo,安倍晋三,AbeShinzo,12 Apr 2016,https://twitter.com/AbeShinzo/status/719890821114298368,福島の「女将会」は、震災以降、福島の魅力の発信や風評の克服に力を注いで来られました。その甲斐もあり、福島の観光業は、ゆっくりと回復しつつありま す。官邸を訪れる各国首脳には、福島のお酒や天然炭酸水をふるまっています。pic.twitter.com/pXhLqM7vzj,"Fukushima ""landlady Board"" is, after the earthquake, came focused on overcoming outgoing and reputation of the Fukushima charm. The Kai There is also, Fukushima of tourism, be or are becoming slowly recovering. The world leaders to visit the Prime Minister's Office, has been behaving the Fukushima sake and natural carbonated water. pic.twitter.com/pXhLqM7vzj",pic.twitter.com/pXhLqM7vzj,https://t.co/pXhLqM7vzj,177 replies,909 retweets,"1,715 likes",177,909,1.7K
https://twitter.com/AbeShinzo,安倍晋三,AbeShinzo,10 Apr 2016,https://twitter.com/AbeShinzo/status/719116470014218240,昨日、春の暖かい日差しの下、粘り強く咲き続けるソメイヨシノとこれから満開を迎える八重桜を共に愛でながら、多くの皆様と楽しいひとときを過ごしました。「日本中に花が咲き誇る、そういう国にしていく」、その決意を新たに致しました。pic.twitter.com/sLfbZJKYFl,"Yesterday, under the spring of warm sunshine, while admiring both the double cherry greet the future full bloom and continue to bloom tenaciously Yoshino cherry tree, I had a good time and a lot of everyone. ""Flowers in Japan in full bloom, go to such countries"", has decided its commitment to new. pic.twitter.com/sLfbZJKYFl",pic.twitter.com/sLfbZJKYFl,https://t.co/sLfbZJKYFl,281 replies,"1,239 retweets","2,497 likes",281,1.2K,2.5K
https://twitter.com/AbeShinzo,安倍晋三,AbeShinzo,9 Apr 2016,https://twitter.com/AbeShinzo/status/718798707634778113,Bringing back abductees to their families is my administration’s top priority. We will work with our allies until our mission is complete.,Bringing back abductees to their families is my administration's top priority. We will work with our allies until our mission is complete.,,,68 replies,415 retweets,748 likes,68,415,748
https://twitter.com/AbeShinzo,安倍晋三,AbeShinzo,9 Apr 2016,https://twitter.com/AbeShinzo/status/718798697102880769,#拉致問題 の解決は、安倍政権の最重要課題です。拉致被害者の方々と御家族の皆様が抱き合う日が来るまで、私たちの使命は終わりません。被害者を一日も早 く御家族のもとに取り戻すため、国際社会と連携しながら、全力で取り組んでまいります。pic.twitter.com/dT1KerflBs,"# Resolution of the abduction issue is the top priority of the Abe administration. To embrace is everyone of the abduction victims of the people and the families day comes, it does not end our mission. In order to recover the victims on the basis of the early Ku your family one day, in cooperation with the international community, we will work in full force. pic.twitter.com/dT1KerflBs",pic.twitter.com/dT1KerflBs,https://t.co/dT1KerflBs,445 replies,"1,576 retweets","2,013 likes",445,1.6K,2.0K
https://twitter.com/AbeShinzo,安倍晋三,AbeShinzo,8 Apr 2016,https://twitter.com/AbeShinzo/status/718429554847588352,Jakarta's theatrical group #en塾 singing Japanese requiem composed for the lost souls of the 2011 Tohoku earthquake at PM residence.,Jakarta's theatrical group #en school singing Japanese requiem composed for the lost souls of the 2011 Tohoku earthquake at PM residence.,,,55 replies,309 retweets,606 likes,55,309,606
https://twitter.com/AbeShinzo,安倍晋三,AbeShinzo,8 Apr 2016,https://twitter.com/AbeShinzo/status/718346315420319745,「桜よ、咲き誇れ、日本の真ん中で咲き誇れ」「日本よ、咲き誇れ、世界の真ん中で咲き誇れ」ジャカルタの大学生劇団「en塾」の皆さんが、官邸の桜の側で歌ってくれました。東日本大震災に襲われた日本を励まそうと作られた、日本語の歌です。pic.twitter.com/z26EmIxcff,"""Sakura, Sakihokore, Sakihokore in the middle of Japan"" ""I Japan, Sakihokore, Sakihokore in the middle of the world"" Jakarta university students everyone of the theater company ""en School"" is, sang on the side of the Sakura of official residence. Made attempts to cheer the Japan that was attacked by the Great East Japan Earthquake, is a Japanese song. pic.twitter.com/z26EmIxcff",pic.twitter.com/z26EmIxcff,https://t.co/z26EmIxcff,315 replies,"1,954 retweets","3,013 likes",315,2.0K,3.0K
https://twitter.com/AbeShinzo,安倍晋三,AbeShinzo,4 Apr 2016,https://twitter.com/AbeShinzo/status/717009753466019842,「聖火ランナーに浜通りの国道6号を走ってほしい。」福島県双葉郡の高校3年生の願い。彼らが通ういわき市のサテライト校は彼らの卒業後、休校に。それでも「残りの1年の高校生活を大切にし、福島県の復興に少しでも役に立ちたいと思います。」と。pic.twitter.com/g6iPVDuwqf,"""I want you to run the No. 6 national highway of Hamadori to torchbearer."" High school third grade of wishes of Futaba County, Fukushima Prefecture. They attend Iwaki City of satellite school after their graduation, the school is closed. Still, ""to cherish the rest of the high school life of one year, to the reconstruction of Fukushima Prefecture, I would like to help even a little."" He said. pic.twitter.com/g6iPVDuwqf",pic.twitter.com/g6iPVDuwqf,https://t.co/g6iPVDuwqf,712 replies,"1,012 retweets","1,707 likes",712,1.0K,1.7K
https://twitter.com/AbeShinzo,安倍晋三,AbeShinzo,1 Apr 2016,https://twitter.com/AbeShinzo/status/716149705005076480,Close int'l cooperation needed in various areas and levels to prevent terrorists trying to use nuclear weapon #NuclearSecurity Summit,Close int'l cooperation needed in various areas and levels to prevent terrorists trying to use nuclear weapon #NuclearSecurity Summit,,,96 replies,326 retweets,587 likes,96,326,587
https://twitter.com/AbeShinzo,安倍晋三,AbeShinzo,1 Apr 2016,https://twitter.com/AbeShinzo/status/716149700924026880,核セキュリティ・サミットは、今回が最後です。核がテロに使われることを防ぐ。これは一国だけでは成し遂げられません。あらゆるレベルで国際的に連帯して対処しなければならない、と訴えました。#NuclearSummitpic.twitter.com/4sewoR7ExH,"Nuclear Security Summit, is now the last. Prevent the nucleus is used to terrorism. This will not be accomplished only one country. It must deal with international solidarity at all levels, and appealed. # NuclearSummitpic.twitter.com / 4sewoR7ExH",pic.twitter.com/4sewoR7ExH,https://t.co/4sewoR7ExH,471 replies,995 retweets,"1,641 likes",471,995,1.6K
https://twitter.com/AbeShinzo,安倍晋三,AbeShinzo,31 Mar 2016,https://twitter.com/AbeShinzo/status/715787997367693312,核実験や弾道ミサイル発射など、北朝鮮の挑発行動に歯止めをかけるためには、日米韓の安全保障・防衛協力の強化が喫緊の課題です。米国のオバマ大統領、韓国のパク・クネ大統領との会談で、結束して対応する方針を確認しました。pic.twitter.com/qxjFsDHyiV,"Such as nuclear tests and ballistic missile launches, in order to put the brakes on the provocative behavior of North Korea, strengthening of the Japan-US-ROK security and defense cooperation is the pressing issue. Obama President of the United States, in a meeting with Park Kune president of South Korea, have confirmed the corresponding policy and unity. pic.twitter.com/qxjFsDHyiV",pic.twitter.com/qxjFsDHyiV,https://t.co/qxjFsDHyiV,157 replies,877 retweets,"1,561 likes",157,877,1.6K
https://twitter.com/AbeShinzo,安倍晋三,AbeShinzo,31 Mar 2016,https://twitter.com/AbeShinzo/status/715787987964063745,"US, Japan and South Korea recommitted steady united front against provocations and threats from North Korea.","US, Japan and South Korea recommitted steady united front against provocations and threats from North Korea.",,,37 replies,306 retweets,548 likes,37,306,548
https://twitter.com/AbeShinzo,安倍晋三,AbeShinzo,31 Mar 2016,https://twitter.com/AbeShinzo/status/715497629832970240,Good discussions w. leading experts in economics in Washington. Japan's role in world economy that is uncertain is tremendously important.,Good discussions w. Leading experts in economics in Washington. Japan's role in world economy that is uncertain is tremendously important.,,,65 replies,305 retweets,556 likes,65,305,556
https://twitter.com/AbeShinzo,安倍晋三,AbeShinzo,31 Mar 2016,https://twitter.com/AbeShinzo/status/715497509011861504,元FRB議長、元財務長官、世界銀行総裁など経済の専門家たちと、現下の世界経済について意見交換。伊勢志摩サミットの最大のテーマは世界経済。誰もが異口同音に「世界経済の不透明感が増す中で、日本の役割は大きい」。日本への大きな期待を痛感。pic.twitter.com/eJ5LR4S3R8,"Former FRB chairman, former Secretary of the Treasury, and the experts of the economy such as the World Bank president, exchanged views on the Fight of the world economy. The maximum of the theme of Ise-Shima summit the world economy. Everyone in one voice ""in the uncertainty of the world economy increases, the role of Japan's large"". Keenly aware of the high expectations of Japan. pic.twitter.com/eJ5LR4S3R8",pic.twitter.com/eJ5LR4S3R8,https://t.co/eJ5LR4S3R8,171 replies,842 retweets,"1,368 likes",171,842,1.4K
https://twitter.com/AbeShinzo,安倍晋三,AbeShinzo,28 Mar 2016,https://twitter.com/AbeShinzo/status/714451291544510464,Cyber rescue dog “Gonta” in his life-saving suit developed for the Tough Robotics Challenge. Maximizing his ability to save more lives.,"Cyber ​​rescue dog ""Gonta"" in his life-saving suit developed for the Tough Robotics Challenge. Maximizing his ability to save more lives.",,,86 replies,274 retweets,522 likes,86,274,522
https://twitter.com/AbeShinzo,安倍晋三,AbeShinzo,28 Mar 2016,https://twitter.com/AbeShinzo/status/714451285462818816,サイバー救助犬のゴン太は、カメラやセンサーを取り付けたスーツを装着。災害現場での人命救助は、時間との戦いです。「タフロボティクス・チャレン ジ」によって開発された、動きやすさを追求したスーツで、救助犬が持ち前の嗅覚と運動能力を発揮。pic.twitter.com/XiKVw2BxOL,"Gon thickness of cyber-rescue dog, wearing a suit fitted with a camera and sensors. Lifesaving at the disaster site is a race against time. Has been developed by the ""tough on Robotics and challenge"", in a suit in pursuit of freedom of movement, rescue dogs exhibit the inherent sense of smell and athletic ability. pic.twitter.com/XiKVw2BxOL",pic.twitter.com/XiKVw2BxOL,https://t.co/XiKVw2BxOL,168 replies,"1,051 retweets","1,956 likes",168,1.1K,2.0K
https://twitter.com/AbeShinzo,安倍晋三,AbeShinzo,21 Mar 2016,https://twitter.com/AbeShinzo/status/711931946297794561,今日は、防衛大学校の卒業式。これから厳しい「現場」に向き合う若者たちの門出の日です。どんなに困難な時でも国民の命を守り、平和な暮らしを守る自衛隊。困難な任務に就く道へ、自らの意思で進んでくれた彼ら、彼女らは、日本の誇りです。pic.twitter.com/62FSRdvKOe,"Today, the graduation ceremony of the National Defense Academy. Is the day of the beginnings of the young people face in the future severe ""on-site"". Protect the people's life even when no matter how difficult, the Self-Defense Forces to protect the peaceful life. To the road to get to a difficult task, who progressed at their own volition they, Kanojora is the pride of Japan. pic.twitter.com/62FSRdvKOe",pic.twitter.com/62FSRdvKOe,https://t.co/62FSRdvKOe,645 replies,"2,297 retweets","4,083 likes",645,2.3K,4.1K
https://twitter.com/AbeShinzo,安倍晋三,AbeShinzo,20 Mar 2016,https://twitter.com/AbeShinzo/status/711546961904578561,"Today I attended the Spring Equinox Festival at the Imperial Palace, gave thanks for many gifts of Nature, of our culture and traditions.","Today I attended the Spring Equinox Festival at the Imperial Palace, gave thanks for many gifts of Nature, of our culture and traditions.",,,58 replies,375 retweets,686 likes,58,375,686
https://twitter.com/AbeShinzo,安倍晋三,AbeShinzo,20 Mar 2016,https://twitter.com/AbeShinzo/status/711546961111846912,今日は春分の日。宮中に参内し、春季皇霊祭、春季神殿祭に参列いたしました。私たちが、今日、自然の恵みを受け、豊かな文化と伝統の中で生かされていることに対し、深く感謝の念を捧げるとともに、皇室の益々の弥栄と五穀豊穣をお祈りいたしました。pic.twitter.com/4OhfXdhUmO,"The day of the vernal equinox today. The palace visit to the court, Spring kōreisai, we attended the Spring Festival temple. We are, today, received the blessings of nature, for it has been kept alive in the rich culture and tradition, along with the sacrifice deep gratitude, we wish more and more of Yasaka and the good harvest of the imperial family. pic.twitter.com/4OhfXdhUmO",pic.twitter.com/4OhfXdhUmO,https://t.co/4OhfXdhUmO,167 replies,"1,940 retweets","3,271 likes",167,1.9K,3.3K
https://twitter.com/AbeShinzo,安倍晋三,AbeShinzo,17 Mar 2016,https://twitter.com/AbeShinzo/status/710703898764292096,"At the National Security Council. North Korean missile launch, a clear breach of UN resolution, is unacceptable threat to Japanese security.","At the National Security Council. North Korean missile launch, a clear breach of UN resolution, is unacceptable threat to Japanese security.",,,54 replies,352 retweets,541 likes,54,352,541
https://twitter.com/AbeShinzo,安倍晋三,AbeShinzo,17 Mar 2016,https://twitter.com/AbeShinzo/status/710703892879683584,今朝、国家安全保障会議（ＮＳＣ）を緊急に招集、政府の対応を確認。北朝鮮の弾道ミサイル発射は明白な安保理決議違反であり、我が国の安全保障に対する重大な挑発行為です。如何なる事態に対しても、国民の安全の確保に万全を期してまいります。pic.twitter.com/FXS7GztG20,"This morning, the National Security Council (NSC) to urgently convene, check the correspondence of the government. Ballistic missile launch of North Korea is a clear Security Council resolution violation, is a serious provocation against our country's security. For any situation, we will every effort to ensure the public safety. pic.twitter.com/FXS7GztG20",pic.twitter.com/FXS7GztG20,https://t.co/FXS7GztG20,349 replies,"1,241 retweets","1,793 likes",349,1.2K,1.8K
https://twitter.com/AbeShinzo,安倍晋三,AbeShinzo,15 Mar 2016,https://twitter.com/AbeShinzo/status/709749894160863232,福島の被災地を訪れるハーバード・ケネディスクール @Kennedy_School の学生たちと。「福島に行くなら、ぜひ、地元の食を味わってください。私は毎日いただいていて、おかげさまでとても元気です。」と呼びかけました。pic.twitter.com/QObUQfjCDN,"Students of the Harvard Kennedy School @Kennedy_School visit to the Fukushima disaster areas and. ""If you go to Fukushima, by all means, please taste the local food. I have earned every day, is very healthy. Thanks to you,"" was called for. pic.twitter.com/QObUQfjCDN",pic.twitter.com/QObUQfjCDN,https://t.co/QObUQfjCDN,300 replies,880 retweets,"1,482 likes",300,880,1.5K
https://twitter.com/AbeShinzo,安倍晋三,AbeShinzo,11 Mar 2016,https://twitter.com/AbeShinzo/status/708299857769816064,東日本大震災から５年が過ぎました。最愛の御家族や御親族、御友人を亡くされた方々に、衷心より哀悼の意を捧げます。御霊を前に永遠に安かれとお祈り申し上げるとともに、地域の創生につながる復興を成し遂げていくことの決意を新たに致しました。pic.twitter.com/n2NPfR7E16,"5 years from the Great East Japan Earthquake has passed. Beloved of your family and relatives, to those who have been lost to your friends, you dedicate condolences from the innermost feelings. With say prayers and Yasukare forever before the Spirit, we decided to renew our commitment to go accomplished the reconstruction leading to the creation of the region. pic.twitter.com/n2NPfR7E16",pic.twitter.com/n2NPfR7E16,https://t.co/n2NPfR7E16,346 replies,"2,349 retweets","3,717 likes",346,2.3K,3.7K
https://twitter.com/AbeShinzo,安倍晋三,AbeShinzo,5 Mar 2016,https://twitter.com/AbeShinzo/status/706074841011458048,福島で美味しい牛乳をいただきました。５人の被災農家が力を合わせて酪農の再開を決意し、新しい牛舎ができて「がんばろうという気持ちになった。」地域とのつながりを活かして、「酪農っていいね」と多くの人に言ってもらう夢を成就させてください。pic.twitter.com/gakkwxC2u4,"We had a delicious milk in Fukushima. 5 people in the affected farmers join forces decided to resume the dairy, ""it became a feeling that you work hard."" Made a new barn taking advantage of the ties with the local community, many of the ""Like I dairy"" please let me fulfill the dream get to say to people. pic.twitter.com/gakkwxC2u4",pic.twitter.com/gakkwxC2u4,https://t.co/gakkwxC2u4,843 replies,"1,822 retweets","2,743 likes",843,1.8K,2.7K
https://twitter.com/AbeShinzo,安倍晋三,AbeShinzo,4 Mar 2016,https://twitter.com/AbeShinzo/status/706021787344080896,pic.twitter.com/PhHW29bVWi,pic.twitter.com/PhHW29bVWi,pic.twitter.com/PhHW29bVWi,https://t.co/PhHW29bVWi,35 replies,256 retweets,509 likes,35,256,509
https://twitter.com/AbeShinzo,安倍晋三,AbeShinzo,4 Mar 2016,https://twitter.com/AbeShinzo/status/706021029940867072,起き抜けに久々に公邸の庭に出ると、今年も庭の片隅に沈丁花が咲いていました。最初の出会いは９年前、今年公邸でこの花と共に５回目の春を迎える事となりました。決意を新たにしました。花の香りに誘われての一枚。皆さんにお届けしたいと想います。pic.twitter.com/6qTdSIEx1A,"Upon exiting after a long time the official residence of the garden to Okinuke, was also blooming daphne in a corner of the garden this year. The first encounter nine years ago, it became the be their fifth round of spring with this flower in this year's residence. I decided to have the new. One of being invited to the scent of flowers. We think that want to deliver to everyone. pic.twitter.com/6qTdSIEx1A",pic.twitter.com/6qTdSIEx1A,https://t.co/6qTdSIEx1A,144 replies,909 retweets,"1,992 likes",144,909,2.0K
https://twitter.com/AbeShinzo,安倍晋三,AbeShinzo,4 Mar 2016,https://twitter.com/AbeShinzo/status/705740391870377984,The Ms Japan contest started in 1950. The winner in 1968 met my grandfather PM Kishi before travelling the world before the Osaka Expo.,The Ms Japan contest started in 1950. The winner in 1968 met my grandfather PM Kishi before travelling the world before the Osaka Expo.,,,33 replies,186 retweets,403 likes,33,186,403
https://twitter.com/AbeShinzo,安倍晋三,AbeShinzo,4 Mar 2016,https://twitter.com/AbeShinzo/status/705740388657541121,「ミス日本コンテスト」は、1950年に第1回が開催された歴史ある大会です。1968年の優勝者は、大阪万博の親善使節として世界を回る前に、私の祖父・岸信介に会ったと伺いました。日本の女性が、世界中で活躍することを応援したいと思います。pic.twitter.com/WB1nrbytdk,"""Miss Japan contest"" is a historic tournament first round was held in 1950. Winner of 1968, before around the world as an ambassador of goodwill of the Osaka Expo, I heard my met grandfather-Shinsuke Kishi. Japanese women, I would like to support that active in the world. pic.twitter.com/WB1nrbytdk",pic.twitter.com/WB1nrbytdk,https://t.co/WB1nrbytdk,113 replies,492 retweets,"1,161 likes",113,492,1.2K
https://twitter.com/AbeShinzo,安倍晋三,AbeShinzo,25 Feb 2016,https://twitter.com/AbeShinzo/status/702771606746112001,一人の結果が全員に影響する、究極のチームワーク。正月の駅伝で完全優勝を果たした、青山学院大学の原監督と選手の皆さんは、優勝の感動をしみじみ語ってくれました。選手たちは礼儀正しくも、明るく自由闊達で、大いに会話が盛り上がりました。pic.twitter.com/wX9rebRmTD,"One of the results will affect everyone, the ultimate teamwork. Played a complete victory in the relay race of the New Year, everyone of the original coach and players of Aoyama Gakuin University, told me keenly telling the excitement of the championship. Players courtesy also correctly, a bright, free and vigorous, much conversation was excitement. pic.twitter.com/wX9rebRmTD",pic.twitter.com/wX9rebRmTD,https://t.co/wX9rebRmTD,644 replies,950 retweets,"2,597 likes",644,950,2.6K
https://twitter.com/AbeShinzo,安倍晋三,AbeShinzo,24 Feb 2016,https://twitter.com/AbeShinzo/status/702446522152181760,秒速８キロで宇宙空間を飛びながら、「こうのとり」をキャッチした油井宇宙飛行士。チームジャパンの中心として、日本の宇宙技術の高さを世界に示してくれました。宇宙から撮影した富士山の写真をいただき、早速執務室に飾らせていただきました。pic.twitter.com/ZFPYeem18c,"While flying through space at eight kilometers per second, catch the oil well astronaut a ""stork"". As the center of the team Japan, the height of Japan's space technology was it has shown to the world. Received a photo of Mount Fuji taken from space, I was immediately not decorated in the Oval Office. pic.twitter.com/ZFPYeem18c",pic.twitter.com/ZFPYeem18c,https://t.co/ZFPYeem18c,118 replies,844 retweets,"1,548 likes",118,844,1.5K